,Product_Name,Image_URL,Product_Price,Average Rating
0,"Oppo A31 (Fantasy White, 6GB RAM, 128GB Storage) with No Cost EMI/Additional Exchange Offers",https://m.media-amazon.com/images/I/61IhTtJUXJL._AC_UY218_.jpg,"11,990",4.2 out of 5 stars
1,"Redmi 9 (Sky Blue, 4GB RAM, 64GB Storage)| 5000 mAh| 2.3GHz Mediatek Helio G35 Octa core Processor",https://m.media-amazon.com/images/I/71A9Vo1BatL._AC_UY218_.jpg,"8,799",4.2 out of 5 stars
2,"Redmi 9A (Nature Green, 2GB RAM, 32GB Storage) | 2GHz Octa-core Helio G25 Processor | 5000 mAh Battery",https://m.media-amazon.com/images/I/71sxlhYhKWL._AC_UY218_.jpg,"6,799",4.2 out of 5 stars
3,"Redmi Note 9 (Pebble Grey, 4GB RAM 64GB Storage) - 48MP Quad Camera & Full HD+ Display",https://m.media-amazon.com/images/I/71X5I1cVfbL._AC_UY218_.jpg,"10,999",4.3 out of 5 stars
4,"Samsung Galaxy M12 (Black,6GB RAM, 128GB Storage) 6000 mAh with 8nm Processor | True 48 MP Quad Camera | 90Hz Refresh Rate",https://m.media-amazon.com/images/I/714QWDxXgNL._AC_UY218_.jpg,"13,499",4.1 out of 5 stars
5,"Redmi Note 10 (Aqua Green, 6GB RAM, 128GB Storage) - Amoled Dot Display | 48MP Sony Sensor IMX582 | Snapdragon 678 Processor",https://m.media-amazon.com/images/I/71-BcSc9rhS._AC_UY218_.jpg,"14,499",4.1 out of 5 stars
6,"Redmi 9 Power (Mighty Black, 6GB RAM, 128GB Storage) - 6000mAh Battery |FHD+ Screen| 48MP Quad Camera | Snapdragon 662 Processor",https://m.media-amazon.com/images/I/61LHaUOhehL._AC_UY218_.jpg,"12,999",4.2 out of 5 stars
7,"Oppo A31 (Mystery Black, 6GB RAM, 128GB Storage) with No Cost EMI/Additional Exchange Offers",https://m.media-amazon.com/images/I/71KCwNV6MuL._AC_UY218_.jpg,"11,990",4.2 out of 5 stars
8,"Samsung Galaxy M11 (Metallic Blue, 4GB RAM, 64GB Storage) with No Cost EMI/Additional Exchange Offers",https://m.media-amazon.com/images/I/71GQUxuSpnS._AC_UY218_.jpg,"9,499",4.2 out of 5 stars
9,"Samsung Galaxy M11 (Black, 4GB RAM, 64GB Storage) with No Cost EMI/Additional Exchange Offers",https://m.media-amazon.com/images/I/710jkZNub3S._AC_UY218_.jpg,"9,499",4.1 out of 5 stars
10,"Panasonic Eluga i7 (2GB RAM, 16GB Storage, Finger Print Sensor, 4000mAh Battery) (Black)",https://m.media-amazon.com/images/I/41QsvcpKaZL._AC_UY218_.jpg,"5,298",3.1 out of 5 stars
