,Book_Name,auth_name,genre_new,book_review
0, ★ The Outlier,Kai Bird,Nonfiction / Biography / American History,"Bird argues that Jimmy Carter’s radical foreign policy initiatives and stellar domestic legislative record make his presidency important, despite the missteps."
1, ★ Ahmed Aziz’s Epic Year,Nina Hamza,Children's / Middle Grade,
2, ★ Cultish,Amanda Montell,Nonfiction / Social Science / Linguistics,Amanda Montell demonstrates that we are all more susceptible to joining cultish groups than we may realize.
3, ★ The Tangleroot Palace,Marjorie Liu,Science Fiction & Fantasy / Fantasy / Short Stories,
4, ★ Bath Haus,P.J. Vernon,Mystery & Suspense / Thriller,
