,Movie_name,Rating,Year_of_Release
0,Pather Panchali,8.5,(1955)
1,Nayakan,8.5,(1987)
2,Pariyerum Perumal,8.5,(2018)
3,Anbe Sivam,8.5,(2003)
4,Golmaal,8.5,(1979)
5,Apur Sansar,8.5,(1959)
6,C/o Kancharapalem,8.5,(2018)
7,Kireedam,8.4,(1989)
8,Manichitrathazhu,8.4,(1993)
9,Natsamrat,8.4,(2016)
10,96,8.4,(2018)
11,Black Friday,8.4,(2004)
12,Thevar Magan,8.4,(1992)
13,Drishyam 2,8.4,(2021)
14,Kumbalangi Nights,8.4,(2019)
15,Visaaranai,8.4,(2015)
16,3 Idiots,8.3,(2009)
17,Taare Zameen Par,8.3,(2007)
18,Jersey,8.3,(2019)
19,Soorarai Pottru,8.3,(2020)
20,Ratsasan,8.3,(2018)
21,Thalapathi,8.3,(1991)
22,Dangal,8.3,(2016)
23,Asuran,8.3,(2019)
24,Kaithi,8.3,(2019)
25,Devasuram,8.3,(1993)
26,Aparajito,8.3,(1956)
27,Jaane Bhi Do Yaaro,8.3,(1983)
28,Peranbu,8.3,(2018)
29,Vada Chennai,8.3,(2018)
30,Pyaasa,8.3,(1957)
31,Guide,8.3,(1965)
32,Thani Oruvan,8.3,(2015)
33,Kannathil Muthamittal,8.2,(2002)
34,Chupke Chupke,8.2,(1975)
35,Iruvar,8.2,(1997)
36,Spadikam,8.2,(1995)
37,Agent Sai Srinivasa Athreya,8.2,(2019)
38,Super Deluxe,8.2,(2019)
39,Drishyam,8.2,(2013)
40,Vikram Vedha,8.2,(2017)
41,Aruvi,8.2,(2016)
42,Tumbbad,8.2,(2018)
43,Mahanati,8.2,(2018)
44,Khosla Ka Ghosla!,8.2,(2006)
45,Anand,8.2,(1971)
46,Pudhu Pettai,8.2,(2006)
47,Premam,8.2,(2015)
48,Anniyan,8.2,(2005)
49,Kaakkaa Muttai,8.2,(2014)
50,Andhadhun,8.2,(2018)
51,Mudhalvan,8.2,(1999)
52,Bangalore Days,8.2,(2014)
53,Dhuruvangal Pathinaaru,8.2,(2016)
54,Papanasam,8.2,(2015)
55,Satya,8.2,(1998)
56,Soodhu Kavvum,8.2,(2013)
57,Shahid,8.2,(2012)
58,Jigarthanda,8.1,(2014)
59,Pithamagan,8.1,(2003)
60,Gangs of Wasseypur,8.1,(2012)
61,Paan Singh Tomar,8.1,(2012)
62,Sairat,8.1,(2016)
63,Bhaag Milkha Bhaag,8.1,(2013)
64,Talvar,8.1,(2015)
65,Hera Pheri,8.1,(2000)
66,"Swades: We, the People",8.1,(2004)
67,Sholay,8.1,(1975)
68,Black,8.1,(2005)
69,Ustad Hotel,8.1,(2012)
70,Chak De! India,8.1,(2007)
71,Jo Jeeta Wohi Sikandar,8.1,(1992)
72,Nil Battey Sannata,8.1,(2015)
73,Drishyam,8.1,(2015)
74,Mughal-E-Azam,8.1,(1960)
75,Maheshinte Prathikaaram,8.1,(2016)
76,Zindagi Na Milegi Dobara,8.1,(2011)
77,Article 15,8.1,(2019)
78,Charulata,8.1,(1964)
79,Udaan,8.1,(2010)
80,Theeran adhigaaram ondru,8.1,(2017)
81,A Wednesday,8.1,(2008)
82,Queen,8.1,(2013)
83,Masaan,8.1,(2015)
84,Alai Payuthey,8.1,(2000)
85,Munna Bhai M.B.B.S.,8.1,(2003)
86,Sarfarosh,8.1,(1999)
87,Dil Chahta Hai,8.1,(2001)
88,Roja,8.1,(1992)
89,Baasha,8.1,(1995)
90,OMG: Oh My God!,8.1,(2012)
91,Rang De Basanti,8.1,(2006)
92,Chhichhore,8.1,(2019)
93,Lagaan: Once Upon a Time in India,8.1,(2001)
94,Kahaani,8.1,(2012)
95,Andaz Apna Apna,8.1,(1994)
96,Virumandi,8.1,(2004)
97,Uri: The Surgical Strike,8.1,(2018)
98,PK,8.1,(2014)
99,Lucia,8.1,(2013)
