,Job Title,Company Name,CTC,Apply Date
0,Web Analytics Developer ,DataVinci Private Limited,4.99 - 5 LPA,17 Jul' 21
1,Junior Social Media Marketing Manager ,The Test Tribe,3 - 4 LPA,17 Jul' 21
2,Junior Social Media Marketing Associate ,Glu Studios,3 - 3.6 LPA,17 Jul' 21
3,Business Development Manager (Digital Marketing Sales) ,Graygraph Technologies LLC,3 - 4.5 LPA,17 Jul' 21
4,Business Development Executive ,BookLeaf Publishing,3 - 3.6 LPA,17 Jul' 21
5,Accountant ,Ravi Ladia & Co,3 LPA,16 Jul' 21
6,Research Associate ,Market Vistas Consumer Insights,3 - 3.25 LPA,17 Jul' 21
7,Assistant Coordinator - Tender Department ,Global Source Trading LLC,3 LPA,16 Jul' 21
8,Customer Relationship Manager (Publishing Consultant) ,Blue Rose Publishers,3 - 3.5 LPA,16 Jul' 21
9,Executive Assistant To Director ,Best Roadways Limited,3 LPA,17 Jul' 21
10,Learning Consultant - Sales ,Geekster,3 - 3.5 LPA,16 Jul' 21
11,School/Teacher Consultant ,InfyBytes AI Labs Private Limited,3 - 4 LPA,16 Jul' 21
12,Junior Recruiter ,Radish Consultants Private Limited,3 - 5 LPA,16 Jul' 21
13,Software Developer ,Moxie.xyz,9 LPA,15 Jul' 21
14,Business Development Executive (Inside Sales) ,GREedge,3.75 LPA,15 Jul' 21
15,Web Developer ,Fullmoon Outdoor Web Solutions,4 - 4.2 LPA,15 Jul' 21
16,Order Processor ,InspectHOA,3 LPA,14 Jul' 21
17,Full Stack Developer ,Nikulsan Technologies Private Limited,3.5 - 5 LPA,14 Jul' 21
18,Associate Software Developer ,IQGateway,3.6 - 10 LPA,11 Jul' 21
19,Reactjs Developer ,Startxlabs Technologies Private Limited,3 - 4 LPA,11 Jul' 21
20,Full Stack Developer ,RavGins International Private Limited (Wobb.ai),3.3 - 4 LPA,11 Jul' 21
21,Business Development Executive ,Varenyam Placements,3 - 4 LPA,11 Jul' 21
22,Corporate Sales Associate ,HealthPlix Technologies Private Limited,3 - 4 LPA,11 Jul' 21
23,Inside Sales Associate ,Wizklub Learning,3 - 6 LPA,11 Jul' 21
24,Mobile App Developer ,Fusion Engineering,4.5 - 5.25 LPA,14 Jul' 21
25,Junior MERN Stack Developer ,DeepThought Edutech Ventures Private Limited,3 - 5 LPA,15 Jul' 21
26,Education Innovation Manager ,DeepThought Edutech Ventures Private Limited,3 - 5 LPA,10 Jul' 21
27,General Management Associate ,Redwood Algorithms,4 - 5 LPA,10 Jul' 21
28,Content & E-commerce Management Trainee ,Blooprint Ecom Consulting,3 LPA,9 Jul' 21
29,Software Engineer ,QuikieApps,3 - 4 LPA,9 Jul' 21
30,Sales Support & Operations Executive ,SysCloud Technologies Private Limited,3 - 3.01 LPA,9 Jul' 21
31,Backend Developer ,Medcords Healthcare Solution Private Limited,3 - 7 LPA,9 Jul' 21
32,Accountant ,Bagga Infrastructure Limited,3 - 3.25 LPA,8 Jul' 21
33,Business Development (Sales) Associate ,Exploring Infinities Edtech Private Limited,3 - 4 LPA,8 Jul' 21
34,Corporate Sales Associate ,Best Roadways Limited,3 LPA,7 Jul' 21
35,Sales Executive - Mobile/Electronics ,iShopAtoZ,3 - 6 LPA,7 Jul' 21
36,Reactjs Developer ,The Tech Bridge,3 LPA,7 Jul' 21
37,Software Engineer ,SalaryBox,5 - 15 LPA,7 Jul' 21
38,PHP & LARAVEL DEVELOPER ,Nyx Wolves,3 - 3.05 LPA,4 Jul' 21
39,Customer Service Specialist ,Wono Inc,5.2 - 6.4 LPA,3 Jul' 21
