,House Title,Location,EMI,Area,Price
0,4+ BHK In Independent House  For Sale  In Bommasandra ,"Independent House, 15/2,Vidyanagar, Near South End Boutique Hotel, Hosur Road","₹80,240/Month","4,000 sqft",₹1.4 Crores
1,2 BHK Apartment  For Sale  In Kb Royale In Bommasandra ,"Kb Royale  K B Royale R S Gardeneea Hosur Rd, Vidyanagar, Bommasandra, Karnataka 560100, India","₹57,314/Month","1,200 sqft",₹1 Crore
2,4+ BHK For Sale  In Electronic City ,"Standalone Building, Hosur Road, Bommasandra near Southend By TGI",₹1.43 Lacs/Month,"4,800 sqft",₹2.5 Crores
3,4+ BHK Flat  For Sale  In Bommasandra Industrial Area ,"Standalone building, Noorani Masjid NEAR  Noorani Masjid","₹54,448/Month","4,300 sqft",₹95 Lacs
4,2 BHK For Sale  In Bommasandra ,"Electronic City,near RK City","₹33,815/Month","1,200 sqft",₹59 Lacs
