,Period,Short Description,Temperature,Long Description
0,Today,Sunny thenSunny andBreezy,High: 85 °F,"Sunny, with a high near 85. Breezy, with a light west southwest wind becoming west 18 to 23 mph in the morning. Winds could gust as high as 29 mph. "
1,Tonight,Mostly Clear,Low: 57 °F,"Mostly clear, with a low around 57. West southwest wind 16 to 21 mph decreasing to 10 to 15 mph in the evening. Winds could gust as high as 26 mph. "
2,Friday,Sunny thenSunny andBreezy,High: 76 °F,"Sunny, with a high near 76. Breezy, with a west southwest wind 10 to 15 mph increasing to 17 to 22 mph in the afternoon. Winds could gust as high as 29 mph. "
3,Friday Night,Mostly Clear,Low: 56 °F,"Mostly clear, with a low around 56. West southwest wind 13 to 18 mph, with gusts as high as 24 mph. "
4,Saturday,Sunny thenSunny andBreezy,High: 73 °F,"Sunny, with a high near 73. Breezy, with a west southwest wind 16 to 22 mph, with gusts as high as 29 mph. "
5,Saturday Night,Mostly Clearand Breezythen MostlyClear,Low: 56 °F,"Mostly clear, with a low around 56. Breezy. "
6,Sunday,Sunny,High: 71 °F,"Sunny, with a high near 71."
